date,code,open,high,low,close,preclose,volume,amount,adjustflag,turn,tradestatus,pctChg,isST,peTTM,psTTM,pcfNcfTTM,pbMRQ
2024-01-02,sz.000166,4.4400,4.4500,4.3700,4.3700,4.4400,56673262,249410592.5900,3,0.251500,1,-1.576600,0,38.294709,5.809414,-2.535962,1.098248
2024-01-03,sz.000166,4.3700,4.4100,4.3600,4.3800,4.3700,39034279,171087462.5300,3,0.173200,1,0.228800,0,38.382340,5.822708,-2.541765,1.100762
2024-01-04,sz.000166,4.3700,4.3800,4.3200,4.3400,4.3800,41428300,179980099.3400,3,0.183800,1,-0.913200,0,38.031817,5.769533,-2.518553,1.090709
2024-01-05,sz.000166,4.3500,4.4500,4.3300,4.3700,4.3400,71990524,316500288.9700,3,0.319500,1,0.691200,0,38.294709,5.809414,-2.535962,1.098248
2024-01-08,sz.000166,4.3600,4.3600,4.2500,4.2600,4.3700,61364895,263262114.3500,3,0.272300,1,-2.517200,0,37.330769,5.663182,-2.472128,1.070604
2024-01-09,sz.000166,4.2600,4.2900,4.2000,4.2400,4.2600,44229411,187877082.8600,3,0.196300,1,-0.469500,0,37.155507,5.636594,-2.460522,1.065577
2024-01-10,sz.000166,4.2400,4.2800,4.2100,4.2300,4.2400,35675624,151418868.5800,3,0.158300,1,-0.235800,0,37.067876,5.623300,-2.454718,1.063064
2024-01-11,sz.000166,4.2200,4.2700,4.2100,4.2400,4.2300,47130804,199778544.1900,3,0.209100,1,0.236400,0,37.155507,5.636594,-2.460522,1.065577
2024-01-12,sz.000166,4.2400,4.3000,4.2300,4.2400,4.2400,44578732,189765341.5700,3,0.197800,1,0.000000,0,37.155507,5.636594,-2.460522,1.065577
2024-01-15,sz.000166,4.2300,4.2500,4.1900,4.2000,4.2400,45894171,193655940.1000,3,0.203700,1,-0.943400,0,36.804984,5.583419,-2.437309,1.055525
2024-01-16,sz.000166,4.2000,4.2500,4.1800,4.2400,4.2000,52159636,219799365.9400,3,0.231500,1,0.952400,0,37.155507,5.636594,-2.460522,1.065577
2024-01-17,sz.000166,4.2300,4.2600,4.1900,4.1900,4.2400,39896869,168902430.3000,3,0.177000,1,-1.179200,0,36.717353,5.570125,-2.431506,1.053012
2024-01-18,sz.000166,4.1800,4.2100,4.0600,4.2000,4.1900,77249439,319104127.6200,3,0.342800,1,0.238700,0,36.804984,5.583419,-2.437309,1.055525
2024-01-19,sz.000166,4.1800,4.2000,4.1400,4.1700,4.2000,47867061,199740032.9500,3,0.212400,1,-0.714300,0,36.542091,5.543537,-2.419900,1.047985
2024-01-22,sz.000166,4.1800,4.2600,4.0900,4.1300,4.1700,95273798,400750124.7900,3,0.422800,1,-0.959200,0,36.191567,5.490362,-2.396687,1.037933
2024-01-23,sz.000166,4.1300,4.2100,4.0800,4.1800,4.1300,63115326,262025549.2000,3,0.280100,1,1.210700,0,36.629722,5.556831,-2.425703,1.050498
2024-01-24,sz.000166,4.2000,4.3600,4.1600,4.3200,4.1800,98735371,420174327.7300,3,0.438100,1,3.349300,0,37.856555,5.742945,-2.506947,1.085683
2024-01-25,sz.000166,4.3000,4.4300,4.2900,4.4300,4.3200,116408611,509220631.4900,3,0.516600,1,2.546300,0,38.820495,5.889177,-2.570781,1.113327
2024-01-26,sz.000166,4.4100,4.4700,4.3700,4.4400,4.4300,103242355,456506414.8400,3,0.458100,1,0.225700,0,38.908126,5.902471,-2.576584,1.115840
2024-01-29,sz.000166,4.4400,4.5200,4.4300,4.4700,4.4400,95636468,427827638.7600,3,0.424400,1,0.675700,0,39.171018,5.942353,-2.593993,1.123380
2024-01-30,sz.000166,4.4300,4.5000,4.4000,4.4100,4.4700,64634081,287787288.7700,3,0.286800,1,-1.342300,0,38.645233,5.862590,-2.559175,1.108301
2024-01-31,sz.000166,4.4100,4.4500,4.3500,4.3700,4.4100,72367887,318595725.6200,3,0.321100,1,-0.907000,0,38.294709,5.809414,-2.535962,1.098248
2024-02-01,sz.000166,4.3600,4.4300,4.3400,4.3500,4.3700,74820904,327699817.7400,3,0.332000,1,-0.457700,0,38.119447,5.782827,-2.524356,1.093222
2024-02-02,sz.000166,4.3600,4.4100,4.2100,4.3300,4.3500,95433838,414381505.5600,3,0.423500,1,-0.459800,0,37.944186,5.756239,-2.512750,1.088196
2024-02-05,sz.000166,4.3400,4.4000,4.2100,4.2900,4.3300,114645808,493743856.0700,3,0.508700,1,-0.923800,0,37.593662,5.703063,-2.489537,1.078143
2024-02-06,sz.000166,4.2600,4.5400,4.2300,4.5000,4.2900,135935727,600847220.8000,3,0.603200,1,4.895100,0,39.433911,5.982234,-2.611403,1.130919
2024-02-07,sz.000166,4.5000,4.5700,4.4600,4.5300,4.5000,150927098,681325480.4500,3,0.669700,1,0.666700,0,39.696804,6.022116,-2.628812,1.138459
2024-02-08,sz.000166,4.5400,4.5800,4.4300,4.4800,4.5300,159931399,717662996.8300,3,0.709700,1,-1.103800,0,39.258649,5.955647,-2.599796,1.125893
2024-02-19,sz.000166,4.4500,4.4500,4.3600,4.4000,4.4800,121509015,533460271.8500,3,0.539200,1,-1.785700,0,38.557602,5.849296,-2.553371,1.105788
2024-02-20,sz.000166,4.3900,4.4700,4.3700,4.4600,4.4000,89270930,395128850.0600,3,0.396100,1,1.363600,0,39.083387,5.929059,-2.588190,1.120867
2024-02-21,sz.000166,4.4600,4.5600,4.4100,4.5000,4.4600,102040885,459458522.9100,3,0.452800,1,0.896900,0,39.433911,5.982234,-2.611403,1.130919
2024-02-22,sz.000166,4.4900,4.5500,4.4800,4.5500,4.5000,75040166,339016175.2800,3,0.333000,1,1.111100,0,39.872066,6.048704,-2.640418,1.143485
2024-02-23,sz.000166,4.5400,4.5600,4.5000,4.5400,4.5500,70443800,319225133.2800,3,0.312600,1,-0.219800,0,39.784435,6.035410,-2.634615,1.140972
2024-02-26,sz.000166,4.5300,4.5800,4.5100,4.5100,4.5400,78132844,354454973.6400,3,0.346700,1,-0.660800,0,39.521542,5.995528,-2.617206,1.133433
2024-02-27,sz.000166,4.4900,4.5700,4.4900,4.5700,4.5100,81793630,370843910.3800,3,0.363000,1,1.330400,0,40.047328,6.075291,-2.652024,1.148511
2024-02-28,sz.000166,4.5800,4.6700,4.5100,4.5200,4.5700,126187356,580364167.2300,3,0.559900,1,-1.094100,0,39.609173,6.008822,-2.623009,1.135946
2024-02-29,sz.000166,4.4900,4.5800,4.4900,4.5800,4.5200,89354085,405278938.3500,3,0.396500,1,1.327400,0,40.134958,6.088585,-2.657828,1.151025
2024-03-01,sz.000166,4.5700,4.5900,4.5200,4.5600,4.5800,81800545,372034239.3400,3,0.363000,1,-0.436700,0,39.959697,6.061998,-2.646221,1.145998
2024-03-04,sz.000166,4.5800,4.5900,4.5000,4.5200,4.5600,75427360,341765930.0300,3,0.334700,1,-0.877200,0,39.609173,6.008822,-2.623009,1.135946
2024-03-05,sz.000166,4.5100,4.5300,4.4900,4.5100,4.5200,64801204,292066610.8900,3,0.287600,1,-0.221200,0,39.521542,5.995528,-2.617206,1.133433
2024-03-06,sz.000166,4.5100,4.5700,4.4900,4.5200,4.5100,62425077,282355334.1200,3,0.277000,1,0.221700,0,39.609173,6.008822,-2.623009,1.135946
2024-03-07,sz.000166,4.5200,4.5500,4.4800,4.4800,4.5200,65307735,294704565.3000,3,0.289800,1,-0.885000,0,39.258649,5.955647,-2.599796,1.125893
2024-03-08,sz.000166,4.4800,4.5000,4.4500,4.4800,4.4800,42248798,189120107.3400,3,0.187500,1,0.000000,0,39.258649,5.955647,-2.599796,1.125893
2024-03-11,sz.000166,4.5000,4.5700,4.5000,4.5700,4.4800,89639522,407703324.4000,3,0.397800,1,2.008900,0,40.047328,6.075291,-2.652024,1.148511
2024-03-12,sz.000166,4.5800,4.6200,4.5500,4.5800,4.5700,67587079,309445442.0800,3,0.299900,1,0.218800,0,40.134958,6.088585,-2.657828,1.151025
2024-03-13,sz.000166,4.5800,4.5900,4.5100,4.5200,4.5800,48046581,217885629.1700,3,0.213200,1,-1.310000,0,39.609173,6.008822,-2.623009,1.135946
2024-03-14,sz.000166,4.5200,4.5500,4.4700,4.4900,4.5200,55046252,248094584.8400,3,0.244300,1,-0.663700,0,39.346280,5.968941,-2.605600,1.128406
2024-03-15,sz.000166,4.4900,4.5400,4.4400,4.5100,4.4900,64653252,289858598.6500,3,0.286900,1,0.445400,0,39.521542,5.995528,-2.617206,1.133433
2024-03-18,sz.000166,4.5400,4.6200,4.5300,4.6000,4.5100,100241641,458988083.7100,3,0.444800,1,1.995600,0,40.310220,6.115173,-2.669434,1.156051
2024-03-19,sz.000166,4.6100,4.6100,4.5600,4.5700,4.6000,61995838,284083573.0900,3,0.275100,1,-0.652200,0,40.047328,6.075291,-2.652024,1.148511
2024-03-20,sz.000166,4.5900,4.5900,4.5300,4.5600,4.5700,48890635,222898937.0000,3,0.216900,1,-0.218800,0,39.959697,6.061998,-2.646221,1.145998
2024-03-21,sz.000166,4.5900,4.6100,4.5500,4.5700,4.5600,61246603,280524463.8200,3,0.271800,1,0.219300,0,40.047328,6.075291,-2.652024,1.148511
2024-03-22,sz.000166,4.5600,4.5700,4.4700,4.5000,4.5700,60005950,270979177.6500,3,0.266300,1,-1.531700,0,39.433911,5.982234,-2.611403,1.130919
2024-03-25,sz.000166,4.4800,4.5100,4.4400,4.4500,4.5000,66608403,297890838.3500,3,0.295600,1,-1.111100,0,38.995757,5.915765,-2.582387,1.118354
2024-03-26,sz.000166,4.4500,4.4900,4.4200,4.4700,4.4500,49217126,218999423.1800,3,0.218400,1,0.449400,0,39.171018,5.942353,-2.593993,1.123380
2024-03-27,sz.000166,4.4600,4.5000,4.4300,4.4500,4.4700,50393346,224950065.1600,3,0.223600,1,-0.447400,0,38.995757,5.915765,-2.582387,1.118354
2024-03-28,sz.000166,4.4300,4.4700,4.3800,4.4200,4.4500,71591266,316175569.8100,3,0.317700,1,-0.674200,0,38.732864,5.875884,-2.564978,1.110814
2024-03-29,sz.000166,4.4000,4.4600,4.4000,4.4600,4.4200,60025786,265717412.8800,3,0.266400,1,0.905000,0,24.244443,5.194171,-7.466156,1.115164
2024-04-01,sz.000166,4.4900,4.5400,4.4800,4.5300,4.4600,70502425,318775706.9000,3,0.312900,1,1.569500,0,24.624961,5.275694,-7.583337,1.132667
2024-04-02,sz.000166,4.5300,4.5800,4.5000,4.5100,4.5300,73287731,332236523.5900,3,0.325200,1,-0.441500,0,24.516242,5.252402,-7.549857,1.127666
2024-04-03,sz.000166,4.5000,4.5400,4.5000,4.5300,4.5100,45314426,205053279.8100,3,0.201100,1,0.443500,0,24.624961,5.275694,-7.583337,1.132667
2024-04-08,sz.000166,4.5100,4.5400,4.4500,4.4900,4.5300,66620232,299775565.9600,3,0.295600,1,-0.883000,0,24.407522,5.229110,-7.516376,1.122665
2024-04-09,sz.000166,4.4900,4.5100,4.4500,4.4600,4.4900,52986610,237361551.9400,3,0.235100,1,-0.668200,0,24.244443,5.194171,-7.466156,1.115164
2024-04-10,sz.000166,4.4600,4.4800,4.4000,4.4400,4.4600,56321550,250270773.8600,3,0.249900,1,-0.448400,0,24.135724,5.170879,-7.432675,1.110163
2024-04-11,sz.000166,4.4200,4.4800,4.4100,4.4300,4.4400,53602278,238312857.5100,3,0.237900,1,-0.225200,0,24.081364,5.159233,-7.415935,1.107663
2024-04-12,sz.000166,4.4300,4.4400,4.3400,4.3500,4.4300,52952445,232184693.4200,3,0.235000,1,-1.805900,0,23.646486,5.066064,-7.282013,1.087660
2024-04-15,sz.000166,4.3300,4.4800,4.3300,4.4700,4.3500,81658935,361876586.6700,3,0.362400,1,2.758600,0,24.298803,5.205817,-7.482896,1.117664
2024-04-16,sz.000166,4.4600,4.5000,4.4200,4.4400,4.4700,79322920,353695891.0000,3,0.352000,1,-0.671100,0,24.135724,5.170879,-7.432675,1.110163
2024-04-17,sz.000166,4.4400,4.4700,4.3800,4.4600,4.4400,85176916,376764537.5600,3,0.378000,1,0.450500,0,24.244443,5.194171,-7.466156,1.115164
2024-04-18,sz.000166,4.4500,4.5800,4.4400,4.5400,4.4600,101857328,460527745.2900,3,0.452000,1,1.793700,0,24.679321,5.287340,-7.600078,1.135167
2024-04-19,sz.000166,4.5200,4.6200,4.5100,4.5600,4.5400,88289623,403457931.2200,3,0.391800,1,0.440500,0,24.788041,5.310632,-7.633558,1.140168
2024-04-22,sz.000166,4.5500,4.6300,4.5500,4.5700,4.5600,62655884,287695192.4000,3,0.278000,1,0.219300,0,24.842400,5.322279,-7.650298,1.142668
2024-04-23,sz.000166,4.5800,4.5900,4.5500,4.5600,4.5700,47459212,216737228.0200,3,0.210600,1,-0.218800,0,24.788041,5.310632,-7.633558,1.140168
2024-04-24,sz.000166,4.5600,4.5800,4.5200,4.5500,4.5600,47863707,217549930.7200,3,0.212400,1,-0.219300,0,24.733681,5.298986,-7.616818,1.137667
2024-04-25,sz.000166,4.5300,4.6000,4.5100,4.5800,4.5500,50606759,230993752.9300,3,0.224600,1,0.659300,0,24.896760,5.333925,-7.667039,1.145169
2024-04-26,sz.000166,4.7100,4.8200,4.6100,4.8000,4.5800,207783244,978579570.4900,3,0.922000,1,4.803500,0,26.092674,5.590139,-8.035324,1.200177
2024-04-29,sz.000166,4.8100,4.8600,4.7500,4.7800,4.8000,175861469,844366275.0900,3,0.780400,1,-0.416700,0,25.983955,5.566847,-8.001844,1.195176
2024-04-30,sz.000166,4.7500,4.7700,4.6700,4.7000,4.7800,96707121,455619159.9700,3,0.429100,1,-1.673600,0,29.547792,5.495339,-36.957552,1.153166
2024-05-06,sz.000166,4.7500,4.7800,4.6700,4.6800,4.7000,105286232,496527205.5800,3,0.467200,1,-0.425500,0,29.422057,5.471955,-36.800286,1.148259
2024-05-07,sz.000166,4.6800,4.6900,4.6400,4.6700,4.6800,76818152,358158704.4900,3,0.340900,1,-0.213700,0,29.359189,5.460262,-36.721653,1.145805
2024-05-08,sz.000166,4.6600,4.6800,4.6000,4.6100,4.6700,68412453,316648486.5000,3,0.303600,1,-1.284800,0,28.981983,5.390109,-36.249854,1.131084
2024-05-09,sz.000166,4.6200,4.6600,4.6200,4.6400,4.6100,60478518,280573948.9400,3,0.268400,1,0.650800,0,29.170586,5.425186,-36.485754,1.138445
2024-05-10,sz.000166,4.6400,4.7000,4.6400,4.6900,4.6400,67710017,316499659.9900,3,0.300500,1,1.077600,0,29.484924,5.483647,-36.878919,1.150713
2024-05-13,sz.000166,4.6800,4.7300,4.6200,4.7000,4.6900,71437835,334268937.5500,3,0.317000,1,0.213200,0,29.547792,5.495339,-36.957552,1.153166
2024-05-14,sz.000166,4.7100,4.7200,4.6600,4.7100,4.7000,61658890,289165840.5600,3,0.273600,1,0.212800,0,29.610660,5.507031,-37.036185,1.155620
2024-05-15,sz.000166,4.7300,4.7400,4.6100,4.6100,4.7100,68982042,321093279.8800,3,0.306100,1,-2.123100,0,28.981983,5.390109,-36.249854,1.131084
2024-05-16,sz.000166,4.6200,4.6500,4.5800,4.6000,4.6100,52884760,244045495.0600,3,0.234700,1,-0.216900,0,28.919116,5.378417,-36.171221,1.128631
2024-05-17,sz.000166,4.6000,4.6800,4.5800,4.6600,4.6000,57163241,264600321.6800,3,0.253700,1,1.304300,0,29.296322,5.448570,-36.643020,1.143352
2024-05-20,sz.000166,4.6700,4.7100,4.6500,4.6500,4.6600,69488137,325085490.9400,3,0.308300,1,-0.214600,0,29.233454,5.436878,-36.564387,1.140898
2024-05-21,sz.000166,4.6500,4.6600,4.6200,4.6400,4.6500,51703021,239818980.2400,3,0.229400,1,-0.215100,0,29.170586,5.425186,-36.485754,1.138445
2024-05-22,sz.000166,4.6500,4.6600,4.6200,4.6400,4.6400,46453961,215558470.4900,3,0.206100,1,0.000000,0,29.170586,5.425186,-36.485754,1.138445
2024-05-23,sz.000166,4.6400,4.6400,4.5700,4.5900,4.6400,59632418,274291511.7300,3,0.264600,1,-1.077600,0,28.856248,5.366725,-36.092588,1.126177
2024-05-24,sz.000166,4.5800,4.6100,4.5300,4.5400,4.5900,45065147,206345068.4500,3,0.200000,1,-1.089300,0,28.541910,5.308264,-35.699423,1.113909
2024-05-27,sz.000166,4.5400,4.6100,4.5300,4.6000,4.5400,55802493,255174183.1200,3,0.247600,1,1.321600,0,28.919116,5.378417,-36.171221,1.128631
2024-05-28,sz.000166,4.6000,4.6100,4.5300,4.5500,4.6000,41525461,189643498.3300,3,0.184300,1,-1.087000,0,28.604777,5.319956,-35.778056,1.116363
2024-05-29,sz.000166,4.5300,4.5900,4.5300,4.5600,4.5500,38216161,174502607.1200,3,0.169600,1,0.219800,0,28.667645,5.331648,-35.856689,1.118816
2024-05-30,sz.000166,4.5600,4.5800,4.5200,4.5500,4.5600,38387481,174697931.4400,3,0.170300,1,-0.219300,0,28.604777,5.319956,-35.778056,1.116363
2024-05-31,sz.000166,4.5600,4.6100,4.5400,4.5500,4.5500,48682014,222585940.2900,3,0.216000,1,0.000000,0,28.604777,5.319956,-35.778056,1.116363
2024-06-03,sz.000166,4.5500,4.5900,4.5200,4.5600,4.5500,56994448,259772437.6100,3,0.252900,1,0.219800,0,28.667645,5.331648,-35.856689,1.118816
2024-06-04,sz.000166,4.5500,4.5700,4.4600,4.4800,4.5600,77124355,347520065.8500,3,0.342200,1,-1.754400,0,28.164704,5.238110,-35.227624,1.099188
2024-06-05,sz.000166,4.4800,4.5400,4.4500,4.4900,4.4800,65185831,293719495.7100,3,0.289300,1,0.223200,0,28.227572,5.249803,-35.306257,1.101642
2024-06-06,sz.000166,4.4900,4.5200,4.4500,4.4700,4.4900,57362111,256725113.8600,3,0.254500,1,-0.445400,0,28.101836,5.226418,-35.148991,1.096735
2024-06-07,sz.000166,4.4700,4.4900,4.4000,4.4900,4.4700,59019445,263217215.9800,3,0.261900,1,0.447400,0,28.227572,5.249803,-35.306257,1.101642
2024-06-11,sz.000166,4.4700,4.5100,4.4500,4.4500,4.4900,45917570,205482924.9000,3,0.203800,1,-0.890900,0,27.976101,5.203034,-34.991725,1.091827
2024-06-12,sz.000166,4.4500,4.4600,4.4100,4.4300,4.4500,41921910,185695718.1500,3,0.186000,1,-0.449400,0,27.850366,5.179649,-34.834459,1.086920
2024-06-13,sz.000166,4.4300,4.4800,4.4200,4.4500,4.4300,46572400,207337218.5800,3,0.206700,1,0.451500,0,27.976101,5.203034,-34.991725,1.091827
2024-06-14,sz.000166,4.4400,4.5100,4.3500,4.5000,4.4500,116937179,518574989.9800,3,0.518900,1,1.123600,0,28.290439,5.261495,-35.384890,1.104095
2024-06-17,sz.000166,4.4600,4.5500,4.4400,4.5500,4.5000,88195765,398247495.3100,3,0.391400,1,1.111100,0,28.604777,5.319956,-35.778056,1.116363
2024-06-18,sz.000166,4.5400,4.5800,4.5200,4.5400,4.5500,53349190,242741136.2400,3,0.236700,1,-0.219800,0,28.541910,5.308264,-35.699423,1.113909
2024-06-19,sz.000166,4.5500,4.5700,4.5300,4.5400,4.5400,44406893,201976681.3900,3,0.197100,1,0.000000,0,28.541910,5.308264,-35.699423,1.113909
2024-06-20,sz.000166,4.5300,4.5500,4.4800,4.5000,4.5400,40238081,181354910.7000,3,0.178600,1,-0.881100,0,28.290439,5.261495,-35.384890,1.104095
2024-06-21,sz.000166,4.5000,4.5200,4.4500,4.4700,4.5000,58326679,261078221.4800,3,0.258800,1,-0.666700,0,28.101836,5.226418,-35.148991,1.096735
2024-06-24,sz.000166,4.4600,4.4800,4.4000,4.4000,4.4700,48802674,216355085.4400,3,0.216600,1,-1.566000,0,27.661763,5.144573,-34.598560,1.079560
2024-06-25,sz.000166,4.4100,4.4200,4.3300,4.3300,4.4000,58235344,254322709.7500,3,0.258400,1,-1.590900,0,27.221689,5.062727,-34.048128,1.062385
2024-06-26,sz.000166,4.3300,4.4200,4.3300,4.4100,4.3300,55708731,244119138.6500,3,0.247200,1,1.847600,0,27.724630,5.156265,-34.677193,1.082013
2024-06-27,sz.000166,4.4100,4.4400,4.3800,4.4000,4.4100,46328284,204267191.1600,3,0.205600,1,-0.226800,0,27.661763,5.144573,-34.598560,1.079560
2024-06-28,sz.000166,4.3900,4.4300,4.2900,4.3100,4.4000,86032488,375462549.7700,3,0.381800,1,-2.045500,0,27.095954,5.039343,-33.890862,1.057478
2024-07-01,sz.000166,4.3100,4.3400,4.2400,4.3200,4.3100,55757538,240039117.1000,3,0.247400,1,0.232000,0,27.158822,5.051035,-33.969495,1.059931
2024-07-02,sz.000166,4.3200,4.4100,4.3200,4.3500,4.3200,60691847,265463003.4300,3,0.269300,1,0.694400,0,27.347425,5.086112,-34.205394,1.067292
2024-07-03,sz.000166,4.3700,4.3900,4.3200,4.3300,4.3500,34237042,148742954.6100,3,0.151900,1,-0.459800,0,27.221689,5.062727,-34.048128,1.062385
2024-07-04,sz.000166,4.3300,4.3500,4.2700,4.2800,4.3300,43352968,186505102.3700,3,0.192400,1,-1.154700,0,26.907351,5.004266,-33.654962,1.050117
2024-07-05,sz.000166,4.2800,4.3100,4.2400,4.2600,4.2800,56507163,241054293.7900,3,0.250700,1,-0.467300,0,26.781616,4.980882,-33.497696,1.045210
2024-07-08,sz.000166,4.2500,4.2800,4.1800,4.1900,4.2600,50644165,214106174.0900,3,0.224700,1,-1.643200,0,26.341542,4.899036,-32.947265,1.028035
2024-07-09,sz.000166,4.2100,4.2500,4.1600,4.2200,4.1900,60426274,254589720.8700,3,0.268100,1,0.716000,0,26.530145,4.934113,-33.183164,1.035396
2024-07-10,sz.000166,4.2100,4.2900,4.2000,4.2600,4.2200,53278726,226848233.5000,3,0.236400,1,0.947900,0,26.781616,4.980882,-33.497696,1.045210
2024-07-11,sz.000166,4.3000,4.3300,4.2600,4.2900,4.2600,56366821,242407147.1500,3,0.250100,1,0.704200,0,26.970219,5.015958,-33.733596,1.052571
2024-07-12,sz.000166,4.2900,4.3000,4.2500,4.2800,4.2900,37556284,160740642.4200,3,0.166700,1,-0.233100,0,26.907351,5.004266,-33.654962,1.050117
2024-07-15,sz.000166,4.2800,4.3200,4.2700,4.2900,4.2800,32087406,137873917.4200,3,0.142400,1,0.233600,0,26.970219,5.015958,-33.733596,1.052571
2024-07-16,sz.000166,4.2900,4.3500,4.2800,4.3100,4.2900,47693293,206134633.5500,3,0.211600,1,0.466200,0,27.095954,5.039343,-33.890862,1.057478
2024-07-17,sz.000166,4.3100,4.3500,4.3100,4.3200,4.3100,45142805,195412676.9500,3,0.200300,1,0.232000,0,27.158822,5.051035,-33.969495,1.059931
2024-07-18,sz.000166,4.3200,4.3500,4.2700,4.3400,4.3200,53404707,230764268.2600,3,0.237000,1,0.463000,0,27.284557,5.074420,-34.126761,1.064838
2024-07-19,sz.000166,4.3400,4.3900,4.3200,4.3800,4.3400,56206429,245409052.9200,3,0.249400,1,0.921700,0,27.536028,5.121188,-34.441293,1.074653
2024-07-22,sz.000166,4.4000,4.4300,4.3300,4.3600,4.3800,54039638,236454246.7200,3,0.239800,1,-0.456600,0,27.410292,5.097804,-34.284027,1.069746
2024-07-23,sz.000166,4.3600,4.4000,4.3200,4.3300,4.3600,52817520,230484489.6000,3,0.234400,1,-0.688100,0,27.221689,5.062727,-34.048128,1.062385
2024-07-24,sz.000166,4.3000,4.3400,4.2800,4.3000,4.3300,42230593,181943444.8000,3,0.187400,1,-0.692800,0,27.033086,5.027651,-33.812229,1.055024
2024-07-25,sz.000166,4.3000,4.3500,4.2900,4.3100,4.3000,46674629,201764333.3400,3,0.207100,1,0.232600,0,27.095954,5.039343,-33.890862,1.057478
2024-07-26,sz.000166,4.3300,4.3900,4.3200,4.3600,4.3100,54891152,239265620.5700,3,0.243600,1,1.160100,0,27.410292,5.097804,-34.284027,1.069746
2024-07-29,sz.000166,4.3600,4.4300,4.3600,4.4000,4.3600,51232896,225681303.4900,3,0.227300,1,0.917400,0,27.661763,5.144573,-34.598560,1.079560
2024-07-30,sz.000166,4.4100,4.4200,4.3700,4.4200,4.4000,46677786,205266428.1500,3,0.207100,1,0.454500,0,27.787498,5.167957,-34.755826,1.084467
2024-07-31,sz.000166,4.4100,4.6200,4.4000,4.5800,4.4200,127734735,578945943.1000,3,0.566800,1,3.619900,0,28.793380,5.355033,-36.013955,1.123724
2024-08-01,sz.000166,4.5500,4.6400,4.5300,4.6300,4.5800,115721832,532199788.0900,3,0.513500,1,1.091700,0,29.107719,5.413494,-36.407121,1.135991
2024-08-02,sz.000166,4.6100,4.6500,4.5600,4.5700,4.6300,61860005,284269631.5400,3,0.274500,1,-1.295900,0,28.730513,5.343340,-35.935322,1.121270
2024-08-05,sz.000166,4.5600,4.6100,4.5300,4.5400,4.5700,62377844,284853015.5000,3,0.276800,1,-0.656500,0,28.541910,5.308264,-35.699423,1.113909
2024-08-06,sz.000166,4.5500,4.5900,4.4900,4.5200,4.5400,45342788,205365899.8800,3,0.201200,1,-0.440500,0,28.416175,5.284879,-35.542157,1.109002
2024-08-07,sz.000166,4.5400,4.5800,4.5100,4.5500,4.5200,39925857,181356627.9200,3,0.177200,1,0.663700,0,28.604777,5.319956,-35.778056,1.116363
2024-08-08,sz.000166,4.5500,4.6200,4.5400,4.5900,4.5500,51053273,233992252.4300,3,0.226500,1,0.879100,0,28.856248,5.366725,-36.092588,1.126177
2024-08-09,sz.000166,4.6000,4.6200,4.5600,4.5800,4.5900,36902234,169319267.3800,3,0.163800,1,-0.217900,0,28.793380,5.355033,-36.013955,1.123724
2024-08-12,sz.000166,4.5700,4.5900,4.5500,4.5800,4.5800,29653261,135537986.3200,3,0.131600,1,0.000000,0,28.793380,5.355033,-36.013955,1.123724
2024-08-13,sz.000166,4.5900,4.6400,4.5600,4.6300,4.5800,40094659,184417787.8400,3,0.177900,1,1.091700,0,29.107719,5.413494,-36.407121,1.135991
2024-08-14,sz.000166,4.6300,4.6600,4.6100,4.6200,4.6300,41546755,192389648.2500,3,0.184400,1,-0.216000,0,29.044851,5.401801,-36.328488,1.133538
2024-08-15,sz.000166,4.6000,4.6700,4.5600,4.6000,4.6200,67582969,312232996.7600,3,0.299900,1,-0.432900,0,28.919116,5.378417,-36.171221,1.128631
2024-08-16,sz.000166,4.6000,4.6400,4.5800,4.6200,4.6000,51390967,237206378.2300,3,0.228000,1,0.434800,0,29.044851,5.401801,-36.328488,1.133538
2024-08-19,sz.000166,4.6200,4.6500,4.6100,4.6300,4.6200,44112328,204180014.8100,3,0.195700,1,0.216500,0,29.107719,5.413494,-36.407121,1.135991
2024-08-20,sz.000166,4.5900,4.6000,4.5200,4.5300,4.5700,50002770,227997809.0100,3,0.221900,1,-0.875300,0,28.479042,5.296572,-35.620790,1.111456
2024-08-21,sz.000166,4.5600,4.6000,4.5200,4.5500,4.5300,48379767,220710215.3200,3,0.214700,1,0.441500,0,28.604777,5.319956,-35.778056,1.116363
2024-08-22,sz.000166,4.5600,4.5800,4.5000,4.5000,4.5500,44393573,201390271.1700,3,0.197000,1,-1.098900,0,28.290439,5.261495,-35.384890,1.104095
2024-08-23,sz.000166,4.5200,4.5700,4.5000,4.5500,4.5000,42317705,191901053.7300,3,0.187800,1,1.111100,0,28.604777,5.319956,-35.778056,1.116363
2024-08-26,sz.000166,4.5500,4.5800,4.5000,4.5300,4.5500,45467679,206605129.1900,3,0.201800,1,-0.439600,0,28.479042,5.296572,-35.620790,1.111456
2024-08-27,sz.000166,4.5300,4.5400,4.4700,4.5000,4.5300,31600367,142199418.5300,3,0.140200,1,-0.662300,0,28.290439,5.261495,-35.384890,1.104095
2024-08-28,sz.000166,4.5000,4.5100,4.4500,4.4700,4.5000,34686024,155393435.9300,3,0.153900,1,-0.666700,0,28.101836,5.226418,-35.148991,1.096735
2024-08-29,sz.000166,4.4600,4.5400,4.4600,4.4700,4.4700,48090900,216290736.1100,3,0.213400,1,0.000000,0,28.101836,5.226418,-35.148991,1.096735
2024-08-30,sz.000166,4.4700,4.5700,4.4600,4.5200,4.4700,79405598,359779007.0400,3,0.352400,1,1.118600,0,28.416175,5.284879,-35.542157,1.109002
2024-09-02,sz.000166,4.5000,4.5000,4.2000,4.2000,4.5200,138202739,590317081.0900,3,0.613300,1,-7.079600,0,35.212285,5.222570,-5.464536,1.032566
2024-09-03,sz.000166,4.2300,4.3000,4.2200,4.2700,4.2000,86761073,369686200.2500,3,0.385000,1,1.666700,0,35.799156,5.309613,-5.555611,1.049776
2024-09-04,sz.000166,4.2500,4.3200,4.2500,4.3000,4.2700,61222978,263010458.4900,3,0.271700,1,0.702600,0,36.050672,5.346917,-5.594644,1.057151
2024-09-05,sz.000166,4.3000,4.3300,4.2600,4.3100,4.3000,42349797,181862044.3700,3,0.187900,1,0.232600,0,36.134511,5.359351,-5.607655,1.059609
2024-09-06,sz.000166,4.3700,4.4700,4.3200,4.4100,4.3100,102903979,453524846.8800,3,0.456600,1,2.320200,0,36.972899,5.483698,-5.737763,1.084194
2024-09-09,sz.000166,4.3400,4.4300,4.3300,4.3500,4.4100,60976675,266591873.3900,3,0.270600,1,-1.360500,0,36.469866,5.409090,-5.659698,1.069443
2024-09-10,sz.000166,4.3600,4.3700,4.2700,4.3100,4.3500,49618847,213876346.2700,3,0.220200,1,-0.919500,0,36.134511,5.359351,-5.607655,1.059609
2024-09-11,sz.000166,4.2900,4.3100,4.2200,4.2500,4.3100,40219059,171326814.8200,3,0.178500,1,-1.392100,0,35.631479,5.284743,-5.529590,1.044859
2024-09-12,sz.000166,4.2500,4.2700,4.2100,4.2300,4.2500,34790120,147533097.1800,3,0.154400,1,-0.470600,0,35.463801,5.259874,-5.503568,1.039942
2024-09-13,sz.000166,4.2400,4.2800,4.2200,4.2300,4.2300,38854394,165064402.1600,3,0.172400,1,0.000000,0,35.463801,5.259874,-5.503568,1.039942
2024-09-18,sz.000166,4.2300,4.2300,4.1600,4.2000,4.2300,42717154,179144271.0600,3,0.189600,1,-0.709200,0,35.212285,5.222570,-5.464536,1.032566
2024-09-19,sz.000166,4.2200,4.2800,4.1900,4.2300,4.2000,55704399,235971805.1800,3,0.247200,1,0.714300,0,35.463801,5.259874,-5.503568,1.039942
2024-09-20,sz.000166,4.2300,4.2600,4.1700,4.2400,4.2300,58374713,246283435.8700,3,0.259000,1,0.236400,0,35.547640,5.272309,-5.516579,1.042400
2024-09-23,sz.000166,4.2400,4.2600,4.2100,4.2400,4.2400,44651903,189292582.6400,3,0.198100,1,0.000000,0,35.547640,5.272309,-5.516579,1.042400
2024-09-24,sz.000166,4.2800,4.5300,4.2600,4.5200,4.2400,143253588,632003387.6200,3,0.635700,1,6.603800,0,37.895125,5.620480,-5.880881,1.111238
2024-09-25,sz.000166,4.5900,4.7700,4.5900,4.6500,4.5200,170943544,800688365.3100,3,0.758600,1,2.876100,0,38.985029,5.782131,-6.050022,1.143198
2024-09-26,sz.000166,4.6300,4.8500,4.6100,4.8400,4.6500,168494779,795750757.4200,3,0.747700,1,4.086000,0,40.577966,6.018390,-6.297227,1.189909
2024-09-27,sz.000166,4.9400,5.2000,4.8300,5.2000,4.8400,281506188,1408962866.1300,3,1.249200,1,7.438000,0,43.596162,6.466039,-6.765616,1.278415
2024-09-30,sz.000166,5.6300,5.7200,5.3500,5.7200,5.2000,494083452,2773797737.7700,3,2.192500,1,10.000000,0,47.955778,7.112643,-7.442177,1.406257
2024-10-08,sz.000166,6.2900,6.2900,6.2900,6.2900,5.7200,134810911,847960630.1900,3,0.598200,1,9.965000,0,52.734588,7.821420,-8.183793,1.546391
2024-10-09,sz.000166,6.2700,6.4400,5.6600,5.6700,6.2900,784854694,4791308639.0900,3,3.482700,1,-9.856900,0,47.536584,7.050469,-7.377123,1.393964
2024-10-10,sz.000166,5.7500,5.8400,5.4000,5.5000,5.6700,400098966,2232578225.6300,3,1.775400,1,-2.998200,0,46.111325,6.839079,-7.155940,1.352170
2024-10-11,sz.000166,5.4100,5.4900,5.2800,5.3500,5.5000,259778082,1396884898.5900,3,1.152800,1,-2.727300,0,44.853744,6.652559,-6.960778,1.315293
2024-10-14,sz.000166,5.3400,5.3600,5.1100,5.3200,5.3500,255806274,1344887996.9600,3,1.135100,1,-0.560700,0,44.602227,6.615255,-6.921745,1.307917
2024-10-15,sz.000166,5.2900,5.3100,5.1300,5.1400,5.3200,167163063,875568172.0100,3,0.741800,1,-3.383500,0,43.093129,6.391431,-6.687551,1.263664
2024-10-16,sz.000166,5.0700,5.2200,5.0600,5.1300,5.1400,160251740,824254342.7400,3,0.711100,1,-0.194600,0,43.009291,6.378996,-6.674540,1.261206
2024-10-17,sz.000166,5.2000,5.3200,5.0900,5.1000,5.1300,187366044,974587225.2300,3,0.831400,1,-0.584800,0,42.757774,6.341692,-6.635508,1.253830
2024-10-18,sz.000166,5.0700,5.6000,5.0300,5.3500,5.1000,353992502,1869028645.9000,3,1.570800,1,4.902000,0,44.853744,6.652559,-6.960778,1.315293
2024-10-21,sz.000166,5.3200,5.3200,5.2000,5.2500,5.3500,218337394,1147991250.6100,3,0.968900,1,-1.869200,0,44.015356,6.528212,-6.830670,1.290708
2024-10-22,sz.000166,5.2400,5.3100,5.2300,5.2800,5.2500,141967017,746876837.9800,3,0.630000,1,0.571400,0,44.266872,6.565516,-6.869702,1.298083
2024-10-23,sz.000166,5.2900,5.4000,5.2300,5.2900,5.2800,199182822,1059064438.5700,3,0.883900,1,0.189400,0,44.350711,6.577951,-6.882713,1.300542
2024-10-24,sz.000166,5.2600,5.3200,5.2100,5.2600,5.2900,119840169,631102392.9800,3,0.531800,1,-0.567100,0,44.099195,6.540647,-6.843681,1.293166
2024-10-25,sz.000166,5.2600,5.3700,5.2500,5.3000,5.2600,142113597,753717623.2800,3,0.630600,1,0.760500,0,44.434550,6.590386,-6.895724,1.303000
2024-10-28,sz.000166,5.2900,5.3200,5.2600,5.3200,5.3000,115107707,609325234.2400,3,0.510800,1,0.377400,0,44.602227,6.615255,-6.921745,1.307917
2024-10-29,sz.000166,5.3400,5.4000,5.2100,5.2300,5.3200,155200166,821707639.2100,3,0.688700,1,-1.691700,0,43.847678,6.503343,-6.804648,1.285791
2024-10-30,sz.000166,5.2400,5.2700,5.1700,5.2300,5.2300,109647036,572239968.2600,3,0.486600,1,0.000000,0,43.847678,6.503343,-6.804648,1.285791
2024-10-31,sz.000166,5.2300,5.4100,5.2200,5.3300,5.2300,227698694,1214916461.9000,3,1.010400,1,1.912000,0,32.482122,5.886131,1.726290,1.294583
2024-11-01,sz.000166,5.3400,5.4100,5.2800,5.2900,5.3300,173964771,929593307.0900,3,0.772000,1,-0.750500,0,32.238354,5.841958,1.713335,1.284868
2024-11-04,sz.000166,5.3400,5.5200,5.3100,5.5100,5.2900,211931583,1151202422.3300,3,0.940400,1,4.158800,0,33.579080,6.084913,1.784589,1.338303
2024-11-05,sz.000166,5.5200,5.7400,5.4300,5.6900,5.5100,291617788,1644102519.2400,3,1.294000,1,3.266800,0,34.676037,6.283694,1.842887,1.382022
2024-11-06,sz.000166,5.7300,5.8200,5.6100,5.6600,5.6900,288998492,1650535861.0000,3,1.282400,1,-0.527200,0,34.493211,6.250564,1.833171,1.374736
2024-11-07,sz.000166,5.6000,6.0400,5.5900,5.9900,5.6600,332872755,1936954878.1600,3,1.477100,1,5.830400,0,36.504299,6.614996,1.940052,1.454888
2024-11-08,sz.000166,6.1100,6.1200,5.8300,5.8500,5.9900,264843075,1572259526.1700,3,1.175200,1,-2.337200,0,35.651110,6.460388,1.894708,1.420884
2024-11-11,sz.000166,5.7700,5.8300,5.6900,5.8000,5.8500,189619323,1092760265.4300,3,0.841400,1,-0.854700,0,35.346400,6.405171,1.878514,1.408740
2024-11-12,sz.000166,5.7700,5.8700,5.6300,5.6800,5.8000,162618791,935889769.1400,3,0.721600,1,-2.069000,0,34.615095,6.272650,1.839649,1.379593
2024-11-13,sz.000166,5.6500,5.7400,5.5800,5.6900,5.6800,131319139,743357817.2900,3,0.582700,1,0.176100,0,34.676037,6.283694,1.842887,1.382022
2024-11-14,sz.000166,5.6600,5.7800,5.6200,5.6600,5.6900,133594178,761869982.8600,3,0.592800,1,-0.527200,0,34.493211,6.250564,1.833171,1.374736
2024-11-15,sz.000166,5.6300,5.7200,5.4400,5.4400,5.6600,155332090,866071089.6600,3,0.689300,1,-3.886900,0,33.152485,6.007609,1.761917,1.321301
2024-11-18,sz.000166,5.4500,5.5600,5.3700,5.4400,5.4400,135345183,740126802.1000,3,0.600600,1,0.000000,0,33.152485,6.007609,1.761917,1.321301
2024-11-19,sz.000166,5.4500,5.5100,5.3800,5.5100,5.4400,101046294,551126514.3800,3,0.448400,1,1.286800,0,33.579080,6.084913,1.784589,1.338303
2024-11-20,sz.000166,5.4700,5.5300,5.4300,5.4900,5.5100,80239680,440177353.0500,3,0.356100,1,-0.363000,0,33.457196,6.062826,1.778111,1.333445
2024-11-21,sz.000166,5.4900,5.5400,5.4500,5.5200,5.4900,85259010,468768713.6700,3,0.378300,1,0.546400,0,33.640022,6.095956,1.787827,1.340732
2024-11-22,sz.000166,5.5100,5.5200,5.2600,5.2800,5.5200,111338901,601128917.2600,3,0.494100,1,-4.347800,0,32.177412,5.830914,1.710096,1.282439
2024-11-25,sz.000166,5.2800,5.3000,5.1900,5.2700,5.2800,87365005,459467752.0500,3,0.387700,1,-0.189400,0,32.116470,5.819871,1.706857,1.280010
2024-11-26,sz.000166,5.2600,5.3600,5.2500,5.2700,5.2700,64615097,342333991.9700,3,0.286700,1,0.000000,0,32.116470,5.819871,1.706857,1.280010
2024-11-27,sz.000166,5.2600,5.3500,5.2200,5.3500,5.2700,81678538,431764723.4400,3,0.362400,1,1.518000,0,32.604007,5.908218,1.732768,1.299441
2024-11-28,sz.000166,5.3500,5.3800,5.3000,5.3100,5.3500,68590220,366080700.0500,3,0.304400,1,-0.747700,0,32.360238,5.864045,1.719812,1.289725
2024-11-29,sz.000166,5.3000,5.5100,5.2800,5.3600,5.3100,143576771,773779949.3700,3,0.637100,1,0.941600,0,32.664949,5.919262,1.736006,1.301870
2024-12-02,sz.000166,5.3200,5.4600,5.3100,5.4400,5.3600,110869833,600203172.9500,3,0.492000,1,1.492500,0,33.152485,6.007609,1.761917,1.321301
2024-12-03,sz.000166,5.4300,5.4700,5.3700,5.4400,5.4400,88422930,478497466.5200,3,0.392400,1,0.000000,0,33.152485,6.007609,1.761917,1.321301
2024-12-04,sz.000166,5.4200,5.4600,5.3500,5.3800,5.4400,74927211,404953023.1400,3,0.332500,1,-1.102900,0,32.786833,5.941348,1.742484,1.306727
2024-12-05,sz.000166,5.3600,5.4500,5.3500,5.4300,5.3800,77257460,418519856.7700,3,0.342800,1,0.929400,0,33.091543,5.996565,1.758678,1.318872
2024-12-06,sz.000166,5.4300,5.5500,5.4000,5.5200,5.4300,113692568,624852687.4900,3,0.504500,1,1.657500,0,33.640022,6.095956,1.787827,1.340732
2024-12-09,sz.000166,5.5000,5.5300,5.4000,5.4500,5.5200,86354808,472193955.4400,3,0.383200,1,-1.268100,0,33.213427,6.018652,1.765156,1.323729
2024-12-10,sz.000166,5.7000,5.7200,5.4600,5.4800,5.4500,151084449,841455144.3800,3,0.670400,1,0.550500,0,33.396254,6.051782,1.774872,1.331016
2024-12-11,sz.000166,5.4700,5.5400,5.4600,5.5100,5.4800,85558068,471722157.9600,3,0.379700,1,0.547400,0,33.579080,6.084913,1.784589,1.338303
2024-12-12,sz.000166,5.5200,5.6200,5.4900,5.5800,5.5100,107737002,597864163.5400,3,0.478100,1,1.270400,0,34.005674,6.162216,1.807260,1.355305
2024-12-13,sz.000166,5.5300,5.5300,5.4100,5.4400,5.5800,127280477,695936316.0300,3,0.564800,1,-2.509000,0,33.152485,6.007609,1.761917,1.321301
2024-12-16,sz.000166,5.4200,5.4400,5.3500,5.3800,5.4400,76263097,410829783.6300,3,0.338400,1,-1.102900,0,32.786833,5.941348,1.742484,1.306727
2024-12-17,sz.000166,5.3600,5.4100,5.3300,5.3700,5.3800,73621443,395701788.9000,3,0.326700,1,-0.185900,0,32.725891,5.930305,1.739245,1.304299
2024-12-18,sz.000166,5.3700,5.4600,5.3600,5.3800,5.3500,82913618,448861781.0900,3,0.367900,1,0.560700,0,32.786833,5.941348,1.742484,1.306727
2024-12-19,sz.000166,5.3500,5.3800,5.3000,5.3700,5.3800,71808198,383809642.8200,3,0.318600,1,-0.185900,0,32.725891,5.930305,1.739245,1.304299
2024-12-20,sz.000166,5.3700,5.4500,5.3500,5.4100,5.3700,67651253,365336906.2000,3,0.300200,1,0.744900,0,32.969659,5.974479,1.752200,1.314014
2024-12-23,sz.000166,5.4100,5.4600,5.3500,5.3600,5.4100,70808173,382933436.1700,3,0.314200,1,-0.924200,0,32.664949,5.919262,1.736006,1.301870
2024-12-24,sz.000166,5.3600,5.5100,5.3600,5.4900,5.3600,116215931,633714300.0800,3,0.515700,1,2.425400,0,33.457196,6.062826,1.778111,1.333445
2024-12-25,sz.000166,5.4900,5.5100,5.4200,5.4900,5.4900,72648809,396767370.1100,3,0.322400,1,0.000000,0,33.457196,6.062826,1.778111,1.333445
2024-12-26,sz.000166,5.4800,5.4800,5.4200,5.4300,5.4900,70065145,381392376.0100,3,0.310900,1,-1.092900,0,33.091543,5.996565,1.758678,1.318872
2024-12-27,sz.000166,5.4400,5.6300,5.4300,5.5300,5.4300,177107943,980038521.3000,3,0.785900,1,1.841600,0,33.700964,6.106999,1.791066,1.343160
2024-12-30,sz.000166,5.5300,5.6200,5.5100,5.5900,5.5300,110161683,614385630.1200,3,0.488800,1,1.085000,0,34.066616,6.173260,1.810499,1.357734
2024-12-31,sz.000166,5.5900,5.6100,5.3500,5.3500,5.5900,121871276,666714782.8800,3,0.540800,1,-4.293400,0,32.604007,5.908218,1.732768,1.299441
